% Model,full_model_no_growth_realistic_mesh.mph
% Tumor coordinates
0.00028, 0.00028, 0.00028
0.00025708382495430346, 0.0002856336164905605, 0.00028422587576718396
